{
  "model": "XGBoost",
  "MAE": 2.3579,
  "RMSE": 3.0816,
  "MAPE": 9.8381,
  "WMAPE": 9.8609,
  "SMAPE": 9.9055,
  "n_obs": 2827,
  "PI_Coverage_95": 0.8797,
  "PI_Width": 9.3837,
  "feature_importance": {
    "sku_cv": 0.5056957006454468,
    "sku_mean": 0.4057183861732483,
    "sku_std": 0.028848130255937576,
    "roll_mean_28": 0.007340008858591318,
    "roll_max_7": 0.005979876033961773,
    "roll_mean_7": 0.00412807147949934,
    "week_of_year": 0.0027010468766093254,
    "roll_max_28": 0.0026474660262465477,
    "lag_1": 0.0021637959871441126,
    "roll_mean_14": 0.002137341070920229,
    "quarter": 0.001960478723049164,
    "lag_14": 0.0019256037194281816,
    "macro_cpi": 0.0018435874953866005,
    "price_vs_mean": 0.0015369135653600097,
    "inventory_level": 0.0014160803984850645
  },
  "dataset": "M5"
}